keyword,search_volume,difficulty,intent
seo strategy,12100,67,informational
content marketing,22200,72,informational
keyword research,14800,65,informational
on page seo,8100,58,informational
technical seo,6600,62,informational
link building,9900,70,informational
local seo,14800,55,informational
seo audit,5400,48,informational
meta tags seo,3600,42,informational
schema markup,4400,52,informational
content strategy,8100,60,informational
seo tools,12100,68,commercial
backlink analysis,2900,45,informational
keyword clustering,1600,38,informational
content audit,2400,40,informational
seo content writing,3600,50,informational
serp analysis,1900,43,informational
competitor analysis seo,2100,47,informational
site speed optimization,1300,55,informational
core web vitals,3600,58,informational
e-e-a-t seo,2900,52,informational
topic clusters,1600,35,informational
seo reporting,1900,42,informational
rank tracking,2400,45,commercial
seo for beginners,6600,38,informational
advanced seo techniques,1300,60,informational
seo checklist,3600,40,informational
content optimization,2400,48,informational
internal linking strategy,1600,42,informational
featured snippet optimization,1300,55,informational
